threshold,f1,precision,recall
0.05,0.8065375732812222,0.6849728424864212,0.980561555075594
0.060000000000000005,0.8192203082502266,0.7059375,0.9758099352051836
0.07,0.8260150652213852,0.7186700767263428,0.9710583153347733
0.08000000000000002,0.8327441860465117,0.7313725490196078,0.9667386609071275
0.09000000000000001,0.83796992481203,0.7417637271214642,0.9628509719222462
0.1,0.8432042520880789,0.7521164917033525,0.9593952483801296
0.11000000000000001,0.8499616270145818,0.7645840524680704,0.9568034557235421
0.12000000000000002,0.8522815158546017,0.7714385719285964,0.9520518358531318
0.13,0.8531985222632704,0.7758132956152758,0.947732181425486
0.14,0.8561912225705329,0.7834349229114378,0.9438444924406048
0.15000000000000002,0.8590577567514291,0.7900652646845541,0.9412526997840173
0.16000000000000003,0.8633836378077839,0.7989709665564131,0.9390928725701944
0.17000000000000004,0.8671468587434974,0.807677972418934,0.9360691144708423
0.18000000000000002,0.8699677938808373,0.8145495665284583,0.9334773218142549
0.19000000000000003,0.8719611021069692,0.8210606638687524,0.9295896328293737
0.20000000000000004,0.8723794015876246,0.8248652809853734,0.9257019438444924
0.21000000000000002,0.8735914771563205,0.8308651597817615,0.920950323974082
0.22000000000000003,0.8751285743674141,0.8354281225451688,0.9187904967602591
0.23000000000000004,0.8767293000206483,0.8397943037974683,0.9170626349892008
0.24000000000000005,0.8774327122153209,0.8425447316103379,0.9153347732181425
0.25000000000000006,0.8778355879292403,0.846987951807229,0.9110151187904968
0.26000000000000006,0.8768844221105527,0.8508736286062576,0.9045356371490281
0.27,0.8777099557987792,0.8559113300492611,0.9006479481641468
0.28,0.8784098117995348,0.8603976801988401,0.8971922246220302
0.29000000000000004,0.8778107764106916,0.8624426844518549,0.8937365010799136
0.30000000000000004,0.8779242875372182,0.8646837033933809,0.8915766738660907
0.31000000000000005,0.8773202474930659,0.866779089376054,0.8881209503239741
0.32000000000000006,0.8770053475935828,0.8686440677966102,0.8855291576673866
0.33000000000000007,0.8768768768768769,0.8708990200255645,0.8829373650107991
0.3400000000000001,0.8777133032452181,0.8733960650128315,0.88207343412527
0.3500000000000001,0.8766709788702026,0.8751614291863969,0.8781857451403887
0.36000000000000004,0.8778906418845904,0.8784602076124568,0.8773218142548597
0.37000000000000005,0.8782495667244368,0.8809213385484572,0.8755939524838013
0.38000000000000006,0.877444589308996,0.8828159160472234,0.8721382289416847
0.39000000000000007,0.8785698713756268,0.8868838028169014,0.8704103671706264
0.4000000000000001,0.8794233289646134,0.8895271763146266,0.8695464362850972
0.4100000000000001,0.8784760236479089,0.8907637655417406,0.8665226781857451
0.4200000000000001,0.8785087719298246,0.8922048997772829,0.8652267818574514
0.43000000000000005,0.8788744779072324,0.8948075201432408,0.8634989200863931
0.44000000000000006,0.878941565600882,0.8977477477477478,0.8609071274298056
0.45000000000000007,0.8771852179685771,0.8992740471869328,0.8561555075593953
0.4600000000000001,0.8763046857650455,0.9017367458866545,0.8522678185745141
0.4700000000000001,0.8743875278396437,0.9025287356321839,0.8479481641468682
0.4800000000000001,0.8748882931188561,0.9060620083294771,0.8457883369330453
0.4900000000000001,0.8736559139784946,0.9073987901349465,0.8423326133909287
0.5000000000000001,0.8726128959784318,0.9091760299625468,0.8388768898488121
0.5100000000000001,0.8711131140153222,0.9105040037682525,0.8349892008639309
0.5200000000000001,0.8713898916967509,0.9121398205007085,0.8341252699784018
0.5300000000000001,0.8705296514259846,0.9144079885877318,0.8306695464362851
0.5400000000000001,0.8700385574960309,0.9159503342884432,0.8285097192224622
0.55,0.8689121529358216,0.9182299182299183,0.824622030237581
0.56,0.8682949098379366,0.920619554695063,0.8215982721382289
0.5700000000000001,0.8664987405541562,0.9220272904483431,0.8172786177105832
0.5800000000000001,0.8658088235294118,0.9248895434462445,0.8138228941684665
0.5900000000000001,0.8642544365061074,0.9263833992094862,0.8099352051835853
0.6000000000000001,0.8624913334874047,0.9274353876739563,0.8060475161987041
0.6100000000000001,0.8607184241019699,0.9285,0.8021598272138228
0.6200000000000001,0.858870030225529,0.9300100704934542,0.7978401727861771
0.6300000000000001,0.8572761194029851,0.9315762797769893,0.7939524838012959
0.6400000000000001,0.8547368421052631,0.9321428571428572,0.7892008639308855
0.6500000000000001,0.8535898639136555,0.9342578325629173,0.7857451403887689
0.6600000000000001,0.8495992456388496,0.9351323300467047,0.7784017278617711
0.6700000000000002,0.8459171597633136,0.9356020942408377,0.7719222462203024
0.6800000000000002,0.8443810881444523,0.9382259767687434,0.7676025917926566
0.6900000000000002,0.8407734542850323,0.9397011739594451,0.7606911447084234
0.7000000000000002,0.8382000957395883,0.9398819108964036,0.7563714902807775
0.7100000000000002,0.8346948582412301,0.9404439631835408,0.7503239740820734
0.7200000000000001,0.832810615199035,0.9431693989071038,0.745572354211663
0.7300000000000001,0.8279543800048532,0.9446290143964563,0.7369330453563715
0.7400000000000001,0.8238733252131547,0.9446927374301676,0.7304535637149028
0.7500000000000001,0.8207385668867694,0.9458850056369785,0.7248380129589633
0.7600000000000001,0.8165070007369197,0.9464692482915718,0.71792656587473
0.7700000000000001,0.8129318854886476,0.9481865284974094,0.7114470842332613
0.7800000000000001,0.8087215064420218,0.9482858803021499,0.7049676025917927
0.7900000000000001,0.8045805327358725,0.9494712103407755,0.6980561555075594
0.8000000000000002,0.802,0.9519287833827893,0.6928725701943844
0.8100000000000002,0.7943619431160333,0.9517490952955368,0.6816414686825054
0.8200000000000002,0.7883544303797468,0.9522935779816514,0.6725701943844492
0.8300000000000002,0.7836942675159235,0.9552795031055901,0.6643628509719223
0.8400000000000002,0.7756360832690825,0.9574873096446701,0.6518358531317494
0.8500000000000002,0.7671161825726142,0.9597663854639844,0.6388768898488121
0.8600000000000002,0.7609321811992669,0.9660904255319149,0.6276457883369331
0.8700000000000001,0.7500661200740545,0.9672578444747613,0.6125269978401728
0.8800000000000001,0.7364195879047364,0.9676511954992968,0.5943844492440604
0.8900000000000001,0.7240725697265096,0.9702467343976778,0.5775377969762419
0.9000000000000001,0.7127192982456141,0.9752438109527382,0.5615550755939525
0.9100000000000001,0.6950947603121517,0.9795758051846033,0.5386609071274298
0.9200000000000002,0.6732898098211751,0.9817880794701986,0.5123110151187905
0.9300000000000002,0.6508670520231213,0.9834061135371179,0.48639308855291574
0.9400000000000002,0.6188925081433225,0.9839924670433146,0.4514038876889849
0.9500000000000002,0.5724793135151701,0.9852320675105485,0.4034557235421166
